index,adjusted,underlying
2014-03-13,1969.5,2931
2014-03-14,1973.5,2935
2014-03-17,2020.5,2982
2014-03-18,2054.75,3016.25
2014-03-19,2027.5,2989
2014-03-20,2057.5,3019
2014-03-21,2038.5,3000
2014-03-24,2038.5,3000
2014-03-25,2078.5,3040
2014-03-26,2087.5,3049
2014-03-27,2106.5,3068
2014-03-28,2136.5,3098
2014-03-31,2134.5,3096
2014-04-01,2160.5,3122
2014-04-02,2160.5,3122
2014-04-03,2176.5,3138
2014-04-04,2176.5,3138
2014-04-07,2152.5,3114
2014-04-08,2164,3125.5
2014-04-09,2164,3125.5
2014-04-10,2093.5,3055
2014-04-11,2076.5,3038
2014-04-14,2101.5,3063
2014-04-15,2083.5,3045
2014-04-16,2123.5,3085
2014-04-17,2150.5,3112
2014-04-18,2150.5,3112
2014-04-21,2150.5,3112
2014-04-22,2179.5,3141
2014-04-23,2161.5,3123
2014-04-24,2157.25,3118.75
2014-04-25,2133.5,3095
2014-04-28,2140.5,3102
2014-04-29,2140.5,3102
2014-04-30,2193.5,3155
2014-05-01,2193.5,3155
2014-05-02,2171.5,3133
2014-05-05,2176.5,3138
2014-05-06,2145.5,3107
2014-05-07,2168.5,3130
2014-05-08,2196.5,3158
2014-05-09,2197.5,3159
2014-05-12,2223.5,3185
2014-05-13,2227.5,3189
2014-05-14,2219.5,3181
2014-05-15,2187.5,3149
2014-05-16,2197.5,3159
2014-05-19,2194.5,3156
2014-05-20,2186.5,3148
2014-05-21,2216.5,3178
2014-05-22,2216.5,3178
2014-05-23,2236.5,3198
2014-05-26,2267.5,3229
2014-05-27,2280,3241.5
2014-05-28,2275.5,3237
2014-05-29,2282.5,3244
2014-05-30,2284,3245.5
2014-06-02,2291.5,3253
2014-06-03,2275.5,3237
2014-06-04,2258.5,3220
2014-06-05,2311.5,3273
2014-06-06,2341.5,3303
2014-06-09,2350.5,3312
2014-06-10,2353.5,3315
2014-06-11,2325.5,3287
2014-06-12,2322.5,3280
2014-06-13,2322.5,3280
2014-06-16,2303.5,3261
2014-06-17,2311.5,3269
2014-06-18,2342.5,3300
2014-06-19,2357.5,3315
2014-06-20,2336.5,3294
2014-06-23,2327.5,3285
2014-06-24,2327,3284.5
2014-06-25,2301.5,3259
2014-06-26,2286.5,3244
2014-06-27,2277.5,3235
2014-06-30,2269.5,3227
2014-07-01,2296.5,3254
2014-07-02,2292.5,3250
2014-07-03,2308,3265.5
2014-07-04,2317.5,3275
2014-07-07,2277.5,3235
2014-07-08,2229.5,3187
2014-07-09,2250.5,3208
2014-07-10,2203.5,3161
2014-07-11,2203.5,3161
2014-07-14,2220.5,3178
2014-07-15,2205.5,3163
2014-07-16,2245.5,3203
2014-07-17,2178.5,3136
2014-07-18,2215.5,3173
2014-07-21,2189.5,3147
2014-07-22,2223.5,3181
2014-07-23,2234.5,3192
2014-07-24,2258.5,3216
2014-07-25,2218,3175.5
2014-07-28,2219.5,3177
2014-07-29,2234,3191.5
2014-07-30,2218,3175.5
2014-07-31,2183,3140.5
2014-08-01,2183,3140.5
2014-08-04,2183,3140.5
2014-08-05,2183,3140.5
2014-08-06,2085.5,3043
2014-08-07,2066,3023.5
2014-08-08,2039,2996.5
2014-08-11,2080.5,3038
2014-08-12,2071.5,3029
2014-08-13,2093.5,3051
2014-08-14,2106.5,3064
2014-08-15,2088.5,3046
2014-08-18,2121.5,3079
2014-08-19,2137.5,3095
2014-08-20,2129.5,3087
2014-08-21,2164.5,3122
2014-08-22,2141.5,3099
2014-08-25,2202.5,3160
2014-08-26,2232.5,3190
2014-08-27,2232.5,3190
2014-08-28,2208.5,3166
2014-08-29,2217.5,3175
2014-09-01,2214,3171.5
2014-09-02,2219.5,3177
2014-09-03,2256.5,3214
2014-09-04,2312.5,3270
2014-09-05,2330.5,3288
2014-09-08,2299.5,3257
2014-09-09,2281.5,3239
2014-09-10,2296.5,3254
2014-09-11,2283.5,3241
2014-09-12,2274.5,3232
2014-09-15,2279.5,3221
2014-09-16,2282.5,3224
2014-09-17,2288.5,3230
2014-09-18,2310.5,3252
2014-09-19,2310.5,3252
2014-09-22,2295.5,3237
2014-09-23,2255.5,3197
2014-09-24,2298.5,3240
2014-09-25,2245.5,3187
2014-09-26,2285.5,3227
2014-09-29,2239.5,3181
2014-09-30,2265.5,3207
2014-10-01,2230.5,3172
2014-10-02,2170.5,3112
2014-10-03,2199.5,3141
2014-10-06,2177,3118.5
2014-10-07,2104.5,3046
2014-10-08,2141.5,3083
2014-10-09,2062.5,3004
2014-10-10,2037.5,2979
2014-10-13,2019.5,2961
2014-10-14,2043.5,2985
2014-10-15,1959.5,2901
2014-10-16,1873,2814.5
2014-10-17,1988.5,2930
2014-10-20,1990.5,2932
2014-10-21,2055.5,2997
2014-10-22,2024.5,2966
2014-10-23,2084.5,3026
2014-10-24,2090.5,3032
2014-10-27,2057.5,2999
2014-10-28,2100.5,3042
2014-10-29,2071.5,3013
2014-10-30,2094.5,3036
2014-10-31,2167.5,3109
2014-11-03,2135.5,3077
2014-11-04,2100.5,3042
2014-11-05,2137.5,3079
2014-11-06,2160.5,3102
2014-11-07,2114.5,3056
2014-11-10,2144.5,3086
2014-11-11,2152.5,3094
2014-11-12,2110.5,3052
2014-11-13,2112.5,3054
2014-11-14,2106.5,3048
2014-11-17,2138.5,3080
2014-11-18,2180.5,3122
2014-11-19,2178.5,3120
2014-11-20,2153.5,3095
2014-11-21,2243.5,3185
2014-11-24,2274.5,3216
2014-11-25,2287.5,3229
2014-11-26,2288.5,3230
2014-11-27,2298.5,3240
2014-11-28,2298.5,3240
2014-12-01,2288.5,3230
2014-12-02,2303.5,3245
2014-12-03,2310.5,3252
2014-12-04,2263.5,3205
2014-12-05,2331.5,3273
2014-12-08,2292.5,3234
2014-12-09,2247.5,3189
2014-12-10,2189.5,3131
2014-12-11,2195.5,3137
2014-12-12,2099.5,3041
2014-12-15,2039.5,2977
2014-12-16,2063.5,3001
2014-12-17,2142.5,3080
2014-12-18,2233.5,3171
2014-12-19,2204.5,3142
2014-12-22,2228.5,3166
2014-12-23,2250.5,3188
2014-12-24,2250.5,3188
2014-12-25,2250.5,3188
2014-12-26,2250.5,3188
2014-12-29,2244.5,3182
2014-12-30,2190.5,3128
2014-12-31,2190.5,3128
2015-01-01,2190.5,3128
2015-01-02,2200.5,3138
2015-01-05,2083.5,3021
2015-01-06,2057.5,2995
2015-01-07,2114.5,3052
2015-01-08,2174.5,3112
2015-01-09,2109.5,3047
2015-01-12,2129.5,3067
2015-01-13,2161.5,3099
2015-01-14,2164.5,3102
2015-01-15,2202.5,3140
2015-01-16,2284.5,3222
2015-01-19,2282.5,3220
2015-01-20,2309.5,3247
2015-01-21,2331.5,3269
2015-01-22,2413.5,3351
2015-01-23,2430.5,3368
2015-01-26,2478.5,3416
2015-01-27,2438.5,3376
2015-01-28,2378.5,3316
2015-01-29,2458.5,3396
2015-01-30,2397.5,3335
2015-02-02,2456.5,3394
2015-02-03,2489.5,3427
2015-02-04,2437.5,3375
2015-02-05,2469.5,3407
2015-02-06,2436.5,3374
2015-02-09,2407.5,3345
2015-02-10,2456.5,3394
2015-02-11,2441.5,3379
2015-02-12,2501.5,3439
2015-02-13,2518.5,3456
2015-02-16,2465.5,3403
2015-02-17,2517.5,3455
2015-02-18,2530.5,3468
2015-02-19,2539.5,3477
2015-02-20,2585.5,3523
2015-02-23,2576.5,3514
2015-02-24,2612.5,3550
2015-02-25,2599.5,3537
2015-02-26,2631.5,3569
2015-02-27,2656,3593.5
2015-03-02,2662.5,3600
2015-03-03,2626.5,3564
2015-03-04,2650.5,3588
2015-03-05,2677.5,3615
2015-03-06,2662.5,3600
2015-03-09,2671.5,3609
2015-03-10,2633.5,3571
2015-03-11,2714.5,3652
2015-03-12,2712.5,3650
2015-03-13,2732.5,3595
2015-03-16,2766.5,3629
2015-03-17,2741.5,3604
2015-03-18,2720.5,3583
2015-03-19,2727.5,3590
2015-03-20,2783.5,3646
2015-03-23,2755.5,3618
2015-03-24,2784.5,3647
2015-03-25,2748.5,3611
2015-03-26,2737.5,3600
2015-03-27,2746.5,3609
2015-03-30,2794.5,3657
2015-03-31,2758.5,3621
2015-04-01,2793.5,3656
2015-04-02,2788.5,3651
2015-04-03,2788.5,3651
2015-04-06,2788.5,3651
2015-04-07,2823.5,3686
2015-04-08,2823.5,3686
2015-04-09,2863.5,3726
2015-04-10,2890.5,3753
2015-04-13,2875.5,3738
2015-04-14,2868.5,3731
2015-04-15,2866.5,3729
2015-04-16,2822.5,3685
2015-04-17,2742.5,3605
2015-04-20,2778.5,3641
2015-04-21,2798.5,3661
2015-04-22,2809.5,3672
2015-04-23,2785.5,3648
2015-04-24,2789.5,3652
2015-04-27,2838.5,3701
2015-04-28,2799.5,3662
2015-04-29,2705.5,3568
2015-04-30,2682.5,3545
2015-05-01,2682.5,3545
2015-05-04,2719.5,3582
2015-05-05,2637.5,3500
2015-05-06,2640.5,3503
2015-05-07,2642.5,3505
2015-05-08,2746.5,3609
2015-05-11,2722.5,3585
2015-05-12,2685.5,3548
2015-05-13,2655.5,3518
2015-05-14,2713.5,3576
2015-05-15,2694.5,3557
2015-05-18,2716.5,3579
2015-05-19,2779.5,3642
2015-05-20,2803.5,3666
2015-05-21,2816.5,3679
2015-05-22,2804.5,3667
2015-05-25,2804.5,3667
2015-05-26,2757.5,3620
2015-05-27,2810.5,3673
2015-05-28,2790.5,3653
2015-05-29,2707.5,3570
2015-06-01,2724.5,3587
2015-06-02,2691.5,3554
2015-06-03,2708.5,3571
2015-06-04,2663.5,3526
2015-06-05,2646.5,3509
2015-06-08,2587.5,3450
2015-06-09,2574.5,3437
2015-06-10,2658.5,3521
2015-06-11,2688.5,3551
2015-06-12,2640.5,3503
2015-06-15,2584.5,3445
2015-06-16,2590.5,3451
2015-06-17,2543.5,3404
2015-06-18,2602.5,3463
2015-06-19,2590.5,3451
2015-06-22,2723.5,3584
2015-06-23,2771.5,3632
2015-06-24,2729.5,3590
2015-06-25,2727.5,3588
2015-06-26,2757.5,3618
2015-06-29,2566.5,3427
2015-06-30,2579.5,3440
2015-07-01,2629.5,3490
2015-07-02,2602.5,3463
2015-07-03,2571.5,3432
2015-07-06,2487.5,3348
2015-07-07,2505.5,3366
2015-07-08,2445.5,3306
2015-07-09,2543.5,3404
2015-07-10,2689.5,3550
2015-07-13,2731.5,3592
2015-07-14,2753.5,3614
2015-07-15,2759.5,3620
2015-07-16,2823.5,3684
2015-07-17,2811.5,3672
2015-07-20,2828.5,3689
2015-07-21,2787.5,3648
2015-07-22,2779.5,3640
2015-07-23,2752.5,3613
2015-07-24,2718.5,3579
2015-07-27,2648.5,3509
2015-07-28,2700.5,3561
2015-07-29,2726.5,3587
2015-07-30,2728.5,3589
2015-07-31,2740.5,3601
2015-08-03,2767.5,3628
2015-08-04,2763.5,3624
2015-08-05,2804.5,3665
2015-08-06,2800.5,3661
2015-08-07,2783.5,3644
2015-08-10,2821.5,3682
2015-08-11,2750.5,3611
2015-08-12,2673.5,3534
2015-08-13,2651.5,3512
2015-08-14,2652.5,3513
2015-08-17,2650.5,3511
2015-08-18,2630.5,3491
2015-08-19,2571.5,3432
2015-08-20,2457.5,3318
2015-08-21,2366.5,3227
2015-08-24,2199.5,3060
2015-08-25,2266.5,3127
2015-08-26,2371.5,3232
2015-08-27,2437.5,3298
2015-08-28,2426,3286.5
2015-08-31,2398,3258.5
2015-09-01,2398,3258.5
2015-09-02,2366.5,3227
2015-09-03,2383.5,3244
2015-09-04,2310.5,3171
2015-09-07,2337.5,3198
2015-09-08,2393.5,3254
2015-09-09,2359.5,3220
2015-09-10,2374.5,3235
2015-09-11,2349.5,3210
2015-09-14,2320.5,3181
2015-09-15,2371.5,3215
2015-09-16,2404.5,3248
2015-09-17,2384.5,3228
2015-09-18,2309.5,3153
2015-09-21,2337.5,3181
2015-09-22,2237.5,3081
2015-09-23,2226.5,3070
2015-09-24,2192.5,3036
2015-09-25,2234.5,3078
2015-09-28,2168.5,3012
2015-09-29,2182.5,3026
2015-09-30,2254.5,3098
2015-10-01,2238.5,3082
2015-10-02,2283.5,3127
2015-10-05,2364.5,3208
2015-10-06,2355.5,3199
2015-10-07,2399.5,3243
2015-10-08,2411.5,3255
2015-10-09,2399.5,3243
2015-10-12,2391.5,3235
2015-10-13,2355.5,3199
2015-10-14,2344.5,3188
2015-10-15,2414.5,3258
2015-10-16,2423.5,3267
2015-10-19,2424.5,3268
2015-10-20,2407.5,3251
2015-10-21,2403.5,3247
2015-10-22,2526.5,3370
2015-10-23,2592.5,3436
2015-10-26,2566.5,3410
2015-10-27,2550.5,3394
2015-10-28,2599.5,3443
2015-10-29,2599.5,3443
2015-10-30,2599.5,3443
2015-11-02,2598.5,3442
2015-11-03,2598.5,3442
2015-11-04,2594.5,3438
2015-11-05,2597.5,3441
2015-11-06,2635.5,3479
2015-11-09,2582.5,3426
2015-11-10,2582.5,3426
2015-11-11,2589.5,3433
2015-11-12,2518.5,3362
2015-11-13,2500.5,3344
2015-11-16,2552.5,3396
2015-11-17,2582.5,3426
2015-11-18,2609.5,3453
2015-11-19,2596.5,3440
2015-11-20,2606.5,3450
2015-11-23,2587.5,3431
2015-11-24,2574.5,3418
2015-11-25,2610.5,3454
2015-11-26,2645.5,3489
2015-11-27,2650.5,3494
2015-11-30,2654.5,3498
2015-12-01,2643.5,3487
2015-12-02,2598.5,3442
2015-12-03,2462.5,3306
2015-12-04,2526.5,3370
2015-12-07,2529.5,3373
2015-12-08,2451.5,3295
2015-12-09,2402.5,3246
2015-12-10,2416.5,3260
2015-12-11,2340.5,3184
2015-12-14,2342.5,3186
2015-12-15,2399.5,3233
2015-12-16,2466.5,3300
2015-12-17,2446.5,3280
2015-12-18,2410.5,3244
2015-12-21,2389.5,3223
2015-12-22,2399.5,3233
2015-12-23,2460.5,3294
2015-12-24,2460.5,3294
2015-12-25,2460.5,3294
2015-12-28,2430.5,3264
2015-12-29,2475.5,3309
2015-12-30,2438.5,3272
2015-12-31,2438.5,3272
2016-01-01,2438.5,3272
2016-01-04,2342.5,3176
2016-01-05,2346.5,3180
2016-01-06,2281.5,3115
2016-01-07,2197.5,3031
2016-01-08,2167.5,3001
2016-01-11,2211.5,3045
2016-01-12,2239.5,3073
2016-01-13,2171.5,3005
2016-01-14,2220.5,3054
2016-01-15,2094.5,2928
2016-01-18,2094.5,2928
2016-01-19,2130.5,2964
2016-01-20,2066.5,2900
2016-01-21,2100.5,2934
2016-01-22,2201.5,3035
2016-01-25,2137.5,2971
2016-01-26,2205.5,3039
2016-01-27,2166.5,3000
2016-01-28,2150.5,2984
2016-01-29,2221.5,3055
2016-02-01,2195.5,3029
2016-02-02,2090.5,2924
2016-02-03,2091.5,2925
2016-02-04,2073.5,2907
2016-02-05,2038.5,2872
2016-02-08,1961.5,2795
2016-02-09,1907.5,2741
2016-02-10,1924.5,2758
2016-02-11,1872.5,2706
2016-02-12,1926.5,2760
2016-02-15,1995.5,2829
2016-02-16,2005.5,2839
2016-02-17,2072.5,2906
2016-02-18,2051.5,2885
2016-02-19,2033.5,2867
2016-02-22,2098.5,2932
2016-02-23,2043.5,2877
2016-02-24,2031.5,2865
2016-02-25,2063.5,2897
2016-02-26,2081.5,2915
2016-02-29,2080.5,2914
2016-03-01,2179.5,3013
2016-03-02,2188.5,3022
2016-03-03,2191.5,3025
2016-03-04,2199.5,3033
2016-03-07,2189.5,3023
2016-03-08,2166.5,3000
2016-03-09,2179.5,3013
2016-03-10,2142.5,2976
2016-03-11,2254.5,3088
2016-03-14,2257.5,3091
2016-03-15,2238.5,2993
2016-03-16,2235.5,2990
2016-03-17,2208.5,2963
2016-03-18,2224.5,2979
2016-03-21,2221.5,2976
2016-03-22,2221.5,2976
2016-03-23,2200.5,2955
2016-03-24,2170.5,2925
2016-03-25,2170.5,2925
2016-03-28,2170.5,2925
2016-03-29,2183.5,2938
2016-03-30,2207.5,2962
2016-03-31,2174.5,2929
2016-04-01,2132.5,2887
2016-04-04,2119.5,2874
2016-04-05,2053.5,2808
2016-04-06,2091.5,2846
2016-04-07,2030.5,2785
2016-04-08,2079.5,2834
2016-04-11,2085.5,2840
2016-04-12,2123.5,2878
2016-04-13,2212.5,2967
2016-04-14,2228.5,2983
2016-04-15,2221.5,2976
2016-04-18,2244.5,2999
2016-04-19,2293.5,3048
2016-04-20,2324.5,3079
2016-04-21,2318.5,3073
2016-04-22,2326.5,3081
2016-04-25,2306.5,3061
2016-04-26,2310.5,3065
2016-04-27,2319.5,3074
2016-04-28,2275.5,3030
2016-04-29,2230.5,2985
2016-05-02,2235.5,2990
2016-05-03,2174.5,2929
2016-05-04,2137.5,2892
2016-05-05,2140.5,2895
2016-05-06,2159.5,2914
2016-05-09,2166.5,2921
2016-05-10,2201.5,2956
2016-05-11,2157.5,2912
2016-05-12,2161.5,2916
2016-05-13,2143.5,2898
2016-05-16,2176.5,2931
2016-05-17,2140.5,2895
2016-05-18,2170.5,2925
2016-05-19,2156.5,2911
2016-05-20,2181.5,2936
2016-05-23,2163.5,2918
2016-05-24,2249.5,3004
2016-05-25,2288.5,3043
2016-05-26,2301.5,3056
2016-05-27,2317.5,3072
2016-05-30,2326.5,3081
2016-05-31,2298.5,3053
2016-06-01,2275.5,3030
2016-06-02,2288.5,3043
2016-06-03,2240.5,2995
2016-06-06,2244.5,2999
2016-06-07,2270.5,3025
2016-06-08,2265.5,3020
2016-06-09,2238.5,2993
2016-06-10,2146.5,2901
2016-06-13,2085.5,2840
2016-06-14,2056.5,2802
2016-06-15,2069.5,2815
2016-06-16,2098.5,2844
2016-06-17,2117.5,2863
2016-06-20,2176.5,2922
2016-06-21,2227.5,2973
2016-06-22,2219.5,2965
2016-06-23,2304.5,3050
2016-06-24,2033.5,2779
2016-06-27,1964.5,2710
2016-06-28,2026.5,2772
2016-06-29,2076.5,2822
2016-06-30,2134.5,2880
2016-07-01,2117.5,2863
2016-07-04,2115.5,2861
2016-07-05,2050.5,2796
2016-07-06,2028.5,2774
2016-07-07,2024.5,2770
2016-07-08,2080.5,2826
2016-07-11,2117.5,2863
2016-07-12,2175.5,2921
2016-07-13,2175.5,2921
2016-07-14,2203.5,2949
2016-07-15,2205.5,2951
2016-07-18,2194.5,2940
2016-07-19,2181.5,2927
2016-07-20,2210.5,2956
2016-07-21,2205.5,2951
2016-07-22,2228.5,2974
2016-07-25,2219.5,2965
2016-07-26,2229.5,2975
2016-07-27,2235.5,2981
2016-07-28,2224.5,2970
2016-07-29,2241.5,2987
2016-08-01,2220,2965.5
2016-08-02,2171.5,2917
2016-08-03,2156.5,2902
2016-08-04,2193.5,2939
2016-08-05,2196.5,2942
2016-08-08,2238.5,2984
2016-08-09,2254.5,3000
2016-08-10,2281.5,3027
2016-08-11,2288.5,3034
2016-08-12,2298.5,3044
2016-08-15,2296.5,3042
2016-08-16,2265.5,3011
2016-08-17,2255.5,3001
2016-08-18,2244.5,2990
2016-08-19,2230.5,2976
2016-08-22,2218.5,2964
2016-08-23,2241.5,2987
2016-08-24,2254.5,3000
2016-08-25,2235.5,2981
2016-08-26,2249.5,2995
2016-08-29,2262.5,3008
2016-08-30,2287.5,3033
2016-08-31,2277.5,3023
2016-09-01,2280.5,3026
2016-09-02,2340.5,3086
2016-09-05,2335.5,3081
2016-09-06,2333.5,3079
2016-09-07,2340.5,3086
2016-09-08,2336.5,3082
2016-09-09,2277.5,3023
2016-09-12,2302.5,3048
2016-09-13,2237.5,2983
2016-09-14,2213.5,2944
2016-09-15,2233.5,2964
2016-09-16,2193.5,2924
2016-09-19,2211.5,2942
2016-09-20,2217.5,2948
2016-09-21,2257.5,2988
2016-09-22,2305.5,3036
2016-09-23,2280.5,3011
2016-09-26,2232.5,2963
2016-09-27,2240.5,2971
2016-09-28,2272.5,3003
2016-09-29,2216.5,2947
2016-09-30,2264.5,2995
2016-10-03,2253.5,2984
2016-10-04,2263.5,2994
2016-10-05,2286.5,3017
2016-10-06,2295.5,3026
2016-10-07,2257.5,2988
2016-10-10,2289.5,3020
2016-10-11,2274.5,3005
2016-10-12,2273.5,3004
2016-10-13,2249.5,2980
2016-10-14,2283.5,3014
2016-10-17,2270.5,3001
2016-10-18,2309.5,3040
2016-10-19,2317.5,3048
2016-10-20,2340.5,3071
2016-10-21,2344.5,3075
2016-10-24,2354.5,3085
2016-10-25,2351.5,3082
2016-10-26,2336.5,3067
2016-10-27,2339.5,3070
2016-10-28,2324.5,3055
2016-10-31,2323.5,3054
2016-11-01,2273.5,3004
2016-11-02,2244.5,2975
2016-11-03,2230.5,2961
2016-11-04,2203.5,2934
2016-11-07,2278.5,3009
2016-11-08,2299.5,3030
2016-11-09,2327.5,3058
2016-11-10,2320.5,3051
2016-11-11,2303.5,3034
2016-11-14,2308.5,3039
2016-11-15,2329.5,3060
2016-11-16,2293.5,3024
2016-11-17,2321.5,3052
2016-11-18,2291.5,3022
2016-11-21,2311.5,3042
2016-11-22,2321.5,3052
2016-11-23,2306.5,3037
2016-11-24,2315.5,3046
2016-11-25,2321.5,3052
2016-11-28,2277.5,3008
2016-11-29,2309,3039.5
2016-11-30,2308.5,3039
2016-12-01,2282.5,3013
2016-12-02,2283.5,3014
2016-12-05,2328.5,3059
2016-12-06,2387.5,3118
2016-12-07,2426.5,3157
2016-12-08,2456.5,3187
2016-12-09,2479.5,3210
2016-12-12,2461.5,3192
2016-12-13,2503.5,3234
2016-12-14,2477.5,3198
2016-12-15,2515.5,3236
2016-12-16,2520.5,3241
2016-12-19,2517.5,3238
2016-12-20,2544.5,3265
2016-12-21,2539.5,3260
2016-12-22,2537.5,3258
2016-12-23,2541.5,3262
2016-12-26,2541.5,3262
2016-12-27,2546.5,3267
2016-12-28,2535.5,3256
2016-12-29,2536.5,3257
2016-12-30,2551.5,3272
2017-01-02,2574.5,3295
2017-01-03,2585.5,3306
2017-01-04,2588.5,3309
2017-01-05,2586.5,3307
2017-01-06,2592.5,3313
2017-01-09,2578.5,3299
2017-01-10,2574.5,3295
2017-01-11,2586.5,3307
2017-01-12,2570.5,3291
2017-01-13,2589.5,3310
2017-01-16,2565.5,3286
2017-01-17,2557.5,3278
2017-01-18,2574.5,3295
2017-01-19,2553.5,3274
2017-01-20,2569.5,3290
2017-01-23,2552.5,3273
2017-01-24,2566.5,3287
2017-01-25,2601.5,3322
2017-01-26,2587.5,3308
2017-01-27,2577.5,3298
2017-01-30,2545.5,3266
2017-01-31,2518.5,3239
2017-02-01,2536.5,3257
2017-02-02,2537.5,3258
2017-02-03,2553.5,3274
2017-02-06,2513.5,3234
2017-02-07,2519.5,3240
2017-02-08,2520.5,3241
2017-02-09,2552.5,3273
2017-02-10,2553.5,3274
2017-02-13,2582.5,3303
2017-02-14,2596.5,3317
2017-02-15,2604.5,3325
2017-02-16,2596.5,3317
2017-02-17,2598.5,3319
2017-02-20,2589.5,3310
2017-02-21,2622.5,3343
2017-02-22,2617.5,3338
2017-02-23,2615.5,3336
2017-02-24,2594.5,3315
2017-02-27,2600.5,3321
2017-02-28,2594.5,3315
2017-03-01,2669.5,3390
2017-03-02,2663.5,3384
2017-03-03,2683.5,3404
2017-03-06,2676.5,3397
2017-03-07,2664.5,3385
2017-03-08,2661.5,3382
2017-03-09,2693.5,3414
2017-03-10,2692.5,3413
2017-03-13,2701.5,3422
2017-03-14,2678.5,3323
2017-03-15,2704.5,3349
2017-03-16,2720.5,3365
2017-03-17,2725.5,3370
2017-03-20,2712.5,3357
2017-03-21,2696.5,3341
2017-03-22,2704.5,3349
2017-03-23,2723.5,3368
2017-03-24,2724.5,3369
2017-03-27,2724.5,3369
2017-03-28,2752.5,3397
2017-03-29,2757.5,3402
2017-03-30,2766.5,3411
2017-03-31,2785.5,3430
2017-04-03,2767.5,3412
2017-04-04,2774.5,3419
2017-04-05,2740.5,3385
2017-04-06,2773.5,3418
2017-04-07,2784.5,3429
2017-04-10,2761.5,3406
2017-04-11,2770.5,3415
2017-04-12,2746.5,3391
2017-04-13,2732.5,3377
2017-04-14,2732.5,3377
2017-04-17,2732.5,3377
2017-04-18,2694.5,3339
2017-04-19,2696.5,3341
2017-04-20,2727.5,3372
2017-04-21,2732.5,3377
2017-04-24,2870.5,3515
2017-04-25,2873.5,3518
2017-04-26,2853.5,3498
2017-04-27,2856.5,3501
2017-04-28,2853.5,3498
2017-05-01,2853.5,3498
2017-05-02,2888.5,3533
2017-05-03,2891.5,3536
2017-05-04,2936.5,3581
2017-05-05,3000.5,3645
2017-05-08,2962.5,3607
2017-05-09,2960.5,3605
2017-05-10,2968.5,3613
2017-05-11,2956.5,3601
2017-05-12,2965.5,3610
2017-05-15,2973.5,3618
2017-05-16,2976.5,3621
2017-05-17,2893.5,3538
2017-05-18,2902.5,3547
2017-05-19,2923.5,3568
2017-05-22,2914,3558.5
2017-05-23,2939.5,3584
2017-05-24,2927.5,3572
2017-05-25,2924.5,3569
2017-05-26,2919.5,3564
2017-05-29,2914.5,3559
2017-05-30,2901.5,3546
2017-05-31,2906.5,3551
2017-06-01,2930.5,3575
2017-06-02,2950.5,3595
2017-06-05,2930.5,3575
2017-06-06,2900.5,3545
2017-06-07,2906.5,3551
2017-06-08,2923.5,3568
2017-06-09,2925.5,3570
2017-06-12,2897.5,3542
2017-06-13,2921.5,3566
2017-06-14,2913.5,3549
2017-06-15,2884.5,3520
2017-06-16,2906.5,3542
2017-06-19,2944.5,3580
2017-06-20,2912.5,3548
2017-06-21,2904.5,3540
2017-06-22,2903.5,3539
2017-06-23,2899.5,3535
2017-06-26,2919.5,3555
2017-06-27,2872.5,3508
2017-06-28,2898.5,3534
2017-06-29,2821.5,3457
2017-06-30,2812.5,3448
2017-07-03,2834.5,3470
2017-07-04,2835.5,3471
2017-07-05,2844.5,3480
2017-07-06,2809.5,3445
2017-07-07,2829.5,3465
2017-07-10,2829.5,3465
2017-07-11,2829.5,3465
2017-07-12,2873.5,3509
2017-07-13,2891.5,3527
2017-07-14,2889.5,3525
2017-07-17,2870.5,3506
2017-07-18,2842.5,3478
2017-07-19,2864.5,3500
2017-07-20,2856.5,3492
2017-07-21,2818.5,3454
2017-07-24,2820.5,3456
2017-07-25,2832.5,3468
2017-07-26,2839.5,3475
2017-07-27,2837.5,3473
2017-07-28,2826.5,3462
2017-07-31,2802.5,3438
2017-08-01,2834.5,3470
2017-08-02,2821.5,3457
2017-08-03,2823.5,3459
2017-08-04,2869.5,3505
2017-08-07,2866.5,3502
2017-08-08,2859.5,3495
2017-08-09,2835.5,3471
2017-08-10,2779.5,3415
2017-08-11,2767.5,3403
2017-08-14,2810.5,3446
2017-08-15,2827.5,3463
2017-08-16,2839.5,3475
2017-08-17,2796.5,3432
2017-08-18,2803.5,3439
2017-08-21,2785.5,3421
2017-08-22,2824.5,3460
2017-08-23,2801.5,3437
2017-08-24,2807.5,3443
2017-08-25,2798.5,3434
2017-08-28,2783.5,3419
2017-08-29,2767.5,3403
2017-08-30,2775.5,3411
2017-08-31,2791.5,3427
2017-09-01,2812.5,3448
2017-09-04,2799.5,3435
2017-09-05,2770.5,3406
2017-09-06,2811.5,3447
2017-09-07,2815.5,3451
2017-09-08,2808.5,3444
2017-09-11,2864.5,3500
2017-09-12,2875.5,3511
2017-09-13,2883.5,3507
2017-09-14,2888.5,3512
2017-09-15,2880.5,3504
2017-09-18,2888.5,3512
2017-09-19,2888.5,3512
2017-09-20,2908.5,3532
2017-09-21,2903.5,3527
2017-09-22,2906.5,3530
2017-09-25,2900.5,3524
2017-09-26,2897,3520.5
2017-09-27,2926.5,3550
2017-09-28,2931.5,3555
2017-09-29,2958.5,3582
2017-10-02,2971.5,3595
2017-10-03,2978.5,3602
2017-10-04,2958.5,3582
2017-10-05,2982.5,3606
2017-10-06,2975.5,3599
2017-10-09,2966.5,3590
2017-10-10,2980.5,3604
2017-10-11,2977.5,3601
2017-10-12,2972.5,3596
2017-10-13,2974.5,3598
2017-10-16,2978.5,3602
2017-10-17,2988,3611.5
2017-10-18,2992.5,3616
2017-10-19,2974.5,3598
2017-10-20,2976.5,3600
2017-10-23,2971.5,3595
2017-10-24,2979.5,3603
2017-10-25,2965.5,3589
2017-10-26,3011.5,3635
2017-10-27,3022.5,3646
2017-10-30,3028.5,3652
2017-10-31,3054.5,3678
2017-11-01,3066.5,3690
2017-11-02,3066.5,3690
2017-11-03,3056.5,3680
2017-11-06,3057.5,3681
2017-11-07,3028.5,3652
2017-11-08,3027.5,3651
2017-11-09,2984.5,3608
2017-11-10,2965.5,3589
2017-11-13,2952.5,3576
2017-11-14,2928.5,3552
2017-11-15,2916.5,3540
2017-11-16,2946.5,3570
2017-11-17,2919.5,3543
2017-11-20,2931.5,3555
2017-11-21,2956.5,3580
2017-11-22,2932.5,3556
2017-11-23,2942.5,3566
2017-11-24,2953.5,3577
2017-11-27,2940.5,3564
2017-11-28,2977.5,3601
2017-11-29,2983,3606.5
2017-11-30,2941.5,3565
2017-12-01,2921.5,3545
2017-12-04,2941.5,3565
2017-12-05,2932.5,3556
2017-12-06,2935.5,3559
2017-12-07,2956.5,3580
2017-12-08,2970.5,3594
2017-12-11,2967.5,3591
2017-12-12,2974.5,3598
2017-12-13,2951.5,3557
2017-12-14,2929.5,3535
2017-12-15,2950.5,3556
2017-12-18,2989.5,3595
2017-12-19,2968.5,3574
2017-12-20,2932.5,3538
2017-12-21,2941.5,3547
2017-12-22,2941.5,3547
2017-12-25,2941.5,3547
2017-12-26,2941.5,3547
2017-12-27,2930.5,3536
2017-12-28,2907.5,3513
2017-12-29,2875.5,3481
2018-01-01,2875.5,3481
2018-01-02,2872.5,3478
2018-01-03,2902.5,3508
2018-01-04,2951.5,3557
2018-01-05,2990.5,3596
2018-01-08,3001.5,3607
2018-01-09,3009.5,3615
2018-01-10,2989.5,3595
2018-01-11,2989.5,3595
2018-01-12,2995.5,3601
2018-01-15,2993.5,3599
2018-01-16,2984.5,3590
2018-01-17,3009.5,3615
2018-01-18,3009.5,3615
2018-01-19,3040.5,3646
2018-01-22,3059.5,3665
2018-01-23,3054.5,3660
2018-01-24,3036.5,3642
2018-01-25,3022.5,3628
2018-01-26,3050.5,3656
2018-01-29,3027.5,3633
2018-01-30,2995.5,3601
2018-01-31,2997.5,3603
2018-02-01,2966.5,3572
2018-02-02,2889.5,3495
2018-02-05,2765.5,3371
2018-02-06,2864.5,3470
2018-02-07,2825.5,3431
2018-02-08,2731.5,3337
2018-02-09,2744.5,3350
2018-02-12,2779.5,3385
2018-02-13,2744.5,3350
2018-02-14,2781.5,3387
2018-02-15,2787.5,3393
2018-02-16,2819.5,3425
2018-02-19,2797.5,3403
2018-02-20,2810.5,3416
2018-02-21,2818,3423.5
2018-02-22,2816.5,3422
2018-02-23,2849.5,3455
2018-02-26,2871.5,3477
2018-02-27,2835.5,3441
2018-02-28,2811.5,3417
2018-03-01,2763.5,3369
2018-03-02,2736,3341.5
2018-03-05,2763.5,3369
2018-03-06,2760.5,3366
2018-03-07,2779.5,3385
2018-03-08,2809.5,3415
2018-03-09,2814.5,3420
2018-03-12,2818.5,3424
2018-03-13,2776.5,3382
2018-03-14,2786.5,3303
2018-03-15,2812.5,3329
2018-03-16,2827.5,3344
2018-03-19,2795.5,3312
2018-03-20,2813.5,3330
2018-03-21,2784.5,3301
2018-03-22,2709.5,3226
2018-03-23,2665.5,3182
2018-03-26,2700.5,3217
2018-03-27,2675.5,3192
2018-03-28,2728.5,3245
2018-03-29,2768.5,3285
2018-03-30,2768.5,3285
2018-04-02,2768.5,3285
2018-04-03,2757.5,3274
2018-04-04,2765.5,3282
2018-04-05,2821.5,3338
2018-04-06,2785.5,3302
2018-04-09,2810.5,3327
2018-04-10,2836.5,3353
2018-04-11,2818.5,3335
2018-04-12,2847.5,3364
2018-04-13,2853.5,3370
2018-04-16,2851.5,3368
2018-04-17,2888.5,3405
2018-04-18,2900.5,3417
2018-04-19,2889.5,3406
2018-04-20,2900.5,3417
2018-04-23,2922.5,3439
2018-04-24,2897.5,3414
2018-04-25,2907.5,3424
2018-04-26,2936.5,3453
2018-04-27,2935.5,3452
2018-04-30,2943.5,3460
2018-05-01,2943.5,3460
2018-05-02,2973.5,3490
2018-05-03,2972.5,3489
2018-05-04,2992.5,3509
2018-05-07,2999.5,3516
2018-05-08,3002.5,3519
2018-05-09,3013.5,3530
2018-05-10,3019.5,3536
2018-05-11,3012.5,3529
2018-05-14,3011.5,3528
2018-05-15,3015.5,3532
2018-05-16,3020.5,3537
2018-05-17,3035.5,3552
2018-05-18,3028.5,3545
2018-05-21,3041.5,3558
2018-05-22,3043.5,3560
2018-05-23,3010.5,3527
2018-05-24,2997.5,3514
2018-05-25,2974.5,3491
2018-05-28,2948.5,3465
2018-05-29,2888.5,3405
2018-05-30,2926.5,3443
2018-05-31,2897.5,3414
2018-06-01,2938.5,3455
2018-06-04,2945.5,3462
2018-06-05,2931.5,3448
2018-06-06,2934,3450.5
2018-06-07,2934,3450.5
2018-06-08,2931.5,3448
2018-06-11,2970.5,3487
2018-06-12,2955.5,3472
2018-06-13,2960.5,3465
2018-06-14,3021.5,3526
2018-06-15,3002.5,3507
2018-06-18,2956.5,3461
2018-06-19,2936.5,3441
2018-06-20,2930.5,3435
2018-06-21,2884.5,3389
2018-06-22,2914.5,3419
2018-06-25,2854.5,3359
2018-06-26,2865.5,3370
2018-06-27,2861.5,3366
2018-06-28,2863.5,3368
2018-06-29,2869.5,3374
2018-07-02,2870.5,3375
2018-07-03,2884.5,3389
2018-07-04,2900.5,3405
2018-07-05,2933.5,3438
2018-07-06,2935.5,3440
2018-07-09,2953.5,3458
2018-07-10,2960.5,3465
2018-07-11,2910.5,3415
2018-07-12,2939.5,3444
2018-07-13,2942.5,3447
2018-07-16,2942.5,3447
2018-07-17,2955.5,3460
2018-07-18,2971.5,3476
2018-07-19,2956.5,3461
2018-07-20,2946.5,3451
2018-07-23,2950.5,3455
2018-07-24,2968.5,3473
2018-07-25,2983.5,3488
2018-07-26,2994.5,3499
2018-07-27,3001.5,3506
2018-07-30,2995.5,3500
2018-07-31,3016.5,3521
2018-08-01,2997.5,3502
2018-08-02,2981.5,3486
2018-08-03,2981.5,3486
2018-08-06,2976.5,3481
2018-08-07,2999.5,3504
2018-08-08,2981.5,3486
2018-08-09,2985.5,3490
2018-08-10,2916.5,3421
2018-08-13,2906.5,3411
2018-08-14,2905.5,3410
2018-08-15,2838.5,3343
2018-08-16,2874.5,3379
2018-08-17,2864.5,3369
2018-08-20,2888.5,3393
2018-08-21,2902.5,3407
2018-08-22,2913.5,3418
2018-08-23,2910.5,3415
2018-08-24,2924.5,3429
2018-08-27,2952.5,3457
2018-08-28,2942.5,3447
2018-08-29,2952.5,3457
2018-08-30,2916.5,3421
2018-08-31,2886.5,3391
2018-09-03,2886.5,3391
2018-09-04,2886.5,3391
2018-09-05,2815.5,3320
2018-09-06,2801.5,3306
2018-09-07,2782.5,3287
2018-09-10,2782.5,3287
2018-09-11,2782.5,3287
2018-09-12,2782.5,3287
2018-09-13,2834.5,3339
2018-09-14,2838.5,3343
2018-09-17,2845.5,3331
2018-09-18,2852.5,3338
2018-09-19,2865.5,3351
2018-09-20,2908.5,3394
2018-09-21,2908.5,3394
2018-09-24,2908.5,3394
2018-09-25,2918.5,3404
2018-09-26,2924.5,3410
2018-09-27,2939.5,3425
2018-09-28,2898.5,3384
2018-10-01,2898.5,3384
2018-10-02,2898.5,3384
2018-10-03,2898.5,3384
2018-10-04,2874.5,3360
2018-10-05,2842.5,3328
2018-10-08,2842.5,3328
2018-10-09,2842.5,3328
2018-10-10,2842.5,3328
2018-10-11,2699.5,3185
2018-10-12,2704.5,3190
2018-10-15,2704.5,3190
2018-10-16,2767.5,3253
2018-10-17,2757.5,3243
2018-10-18,2707.5,3193
2018-10-19,2714.5,3200
2018-10-22,2714.5,3200
2018-10-23,2714.5,3200
2018-10-24,2714.5,3200
2018-10-25,2714.5,3200
2018-10-26,2636.5,3122
2018-10-29,2639.5,3125
2018-10-30,2677.5,3163
2018-10-31,2694.5,3180
2018-11-01,2715.5,3201
2018-11-02,2732.5,3218
2018-11-05,2732.5,3218
2018-11-06,2732.5,3218
2018-11-07,2769.5,3255
2018-11-08,2742.5,3228
2018-11-09,2738.5,3224
2018-11-12,2738.5,3224
2018-11-13,2738.5,3224
2018-11-14,2709.5,3195
2018-11-15,2723.5,3209
2018-11-16,2696.5,3182
2018-11-19,2696.5,3182
2018-11-20,2614.5,3100
2018-11-21,2654.5,3140
2018-11-22,2634.5,3120
2018-11-23,2634.5,3120
2018-11-26,2634.5,3120
2018-11-27,2682.5,3168
2018-11-28,2710.5,3196
2018-11-29,2691.5,3177
2018-11-30,2691.5,3177
2018-12-03,2691.5,3177
2018-12-04,2652.5,3138
2018-12-05,2655.5,3141
2018-12-06,2595.5,3081
2018-12-07,2554.5,3040
2018-12-10,2554.5,3040
2018-12-11,2554.5,3040
2018-12-12,2613.5,3099
2018-12-13,2614.5,3100
2018-12-14,2588.5,3060
2018-12-17,2577.5,3049
2018-12-18,2560.5,3032
2018-12-19,2529.5,3001
2018-12-20,2501.5,2973
2018-12-21,2479.5,2951
2018-12-24,2479.5,2951
2018-12-25,2479.5,2951
2018-12-26,2479.5,2951
2018-12-27,2479.5,2951
2018-12-28,2479.5,2951
2018-12-31,2479.5,2951
2019-01-01,2479.5,2951
2019-01-02,2479.5,2951
2019-01-03,2473.5,2945
2019-01-04,2552,3023.5
2019-01-07,2551.5,3023
2019-01-08,2579.5,3051
2019-01-09,2589.5,3061
2019-01-10,2601.5,3073
2019-01-11,2588.5,3060
2019-01-14,2588.5,3060
2019-01-15,2588.5,3060
2019-01-16,2593.5,3065
2019-01-17,2599.5,3071
2019-01-18,2656.5,3128
2019-01-21,2646.5,3118
2019-01-22,2618.5,3090
2019-01-23,2630.5,3102
2019-01-24,2652,3123.5
2019-01-25,2676.5,3148
2019-01-28,2676.5,3148
2019-01-29,2676.5,3148
2019-01-30,2687.5,3159
2019-01-31,2691.5,3163
2019-02-01,2695.5,3167
2019-02-04,2695.5,3167
2019-02-05,2737.5,3209
2019-02-06,2734.5,3206
2019-02-07,2682.5,3154
2019-02-08,2674.5,3146
2019-02-11,2674.5,3146
2019-02-12,2674.5,3146
2019-02-13,2730.5,3202
2019-02-14,2713.5,3185
2019-02-15,2713.5,3185
2019-02-18,2713.5,3185
2019-02-19,2713.5,3185
2019-02-20,2713.5,3185
2019-02-21,2713.5,3185
2019-02-22,2713.5,3185
2019-02-25,2807.5,3279
2019-02-26,2811.5,3283
2019-02-27,2809.5,3281
2019-02-28,2824.5,3296
2019-03-01,2849.5,3321
2019-03-04,2849.5,3321
2019-03-05,2853.5,3325
2019-03-06,2848.5,3320
2019-03-07,2831.5,3303
2019-03-08,2824.5,3296
2019-03-11,2824.5,3296
2019-03-12,2836.5,3308
2019-03-13,2818.5,3290
2019-03-14,2873.5,3261
2019-03-15,2918.5,3306
2019-03-18,2915.5,3303
2019-03-19,2940.5,3328
2019-03-20,2907.5,3295
2019-03-21,2907.5,3295
2019-03-22,2826.5,3214
2019-03-25,2826.5,3214
2019-03-26,2826.5,3214
2019-03-27,2854.5,3242
2019-03-28,2853.5,3241
2019-03-29,2891.5,3279
2019-04-01,2930.5,3318
2019-04-02,2945.5,3333
2019-04-03,2970.5,3358
2019-04-04,2970,3357.5
2019-04-05,2970,3357.5
2019-04-08,2976.5,3364
2019-04-09,2953.5,3341
2019-04-10,2965.5,3353
2019-04-11,2974.5,3362
2019-04-12,2991.5,3379
2019-04-15,2988,3375.5
2019-04-16,3000.5,3388
2019-04-17,3021.5,3409
2019-04-18,3047.5,3435
2019-04-19,3047.5,3435
2019-04-22,3047.5,3435
2019-04-23,3047.5,3435
2019-04-24,3047.5,3435
2019-04-25,3045.5,3433
2019-04-26,3048.5,3436
2019-04-29,3048.5,3436
2019-04-30,3048.5,3436
2019-05-01,3048.5,3436
2019-05-02,3048.5,3436
2019-05-03,3072.5,3460
2019-05-06,3072.5,3460
2019-05-07,3072.5,3460
2019-05-08,2986.5,3374
2019-05-09,2954.5,3342
2019-05-10,2974.5,3362
2019-05-13,2974.5,3362
2019-05-14,2974.5,3362
2019-05-15,2966.5,3354
2019-05-16,3014.5,3402
2019-05-17,3000.5,3388
2019-05-20,3000.5,3388
2019-05-21,3000.5,3388
2019-05-22,3000.5,3388
2019-05-23,2924.5,3312
2019-05-24,2957.5,3345
2019-05-27,2964.5,3352
2019-05-28,2950.5,3338
2019-05-29,2909.5,3297
2019-05-30,2929.5,3317
2019-05-31,2884.5,3272
2019-06-03,2884.5,3272
2019-06-04,2947.5,3335
2019-06-05,2953.5,3341
2019-06-06,2953.5,3341
2019-06-07,2984.5,3372
2019-06-10,2991.5,3379
2019-06-11,3007.5,3395
2019-06-12,2994.5,3382
2019-06-13,3002.5,3375
2019-06-14,2999.5,3372
2019-06-17,2996.5,3369
2019-06-18,3071.5,3444
2019-06-19,3073.5,3446
2019-06-20,3089.5,3462
2019-06-21,3068.5,3441
2019-06-24,3068.5,3441
2019-06-25,3050.5,3423
2019-06-26,3054.5,3427
2019-06-27,3061.5,3434
2019-06-28,3088.5,3461
2019-07-01,3113.5,3486
2019-07-02,3126.5,3499
2019-07-03,3156.5,3529
2019-07-04,3161.5,3534
2019-07-05,3144.5,3517
2019-07-08,3143.5,3516
2019-07-09,3133.5,3506
2019-07-10,3126.5,3499
2019-07-11,3116.5,3489
2019-07-12,3113.5,3486
2019-07-15,3127.5,3500
2019-07-16,3139.5,3512
2019-07-17,3113.5,3486
2019-07-18,3106.5,3479
2019-07-19,3095.5,3468
2019-07-22,3109.5,3482
2019-07-23,3158.5,3531
2019-07-24,3155.5,3528
2019-07-25,3136.5,3509
2019-07-26,3147.5,3520
2019-07-29,3151.5,3524
2019-07-30,3086.5,3459
2019-07-31,3089.5,3462
2019-08-01,3108.5,3481
2019-08-02,3004.5,3377
2019-08-05,2937.5,3310
2019-08-06,2918.5,3291
2019-08-07,2928.5,3301
2019-08-08,2985.5,3358
2019-08-09,2950.5,3323
2019-08-12,2952.5,3325
2019-08-13,2986.5,3359
2019-08-14,2908.5,3281
2019-08-15,2908.5,3281
2019-08-16,2952.5,3325
2019-08-19,2994.5,3367
2019-08-20,2973.5,3346
2019-08-21,3016.5,3389
2019-08-22,2993.5,3366
2019-08-23,2967.5,3340
2019-08-26,2974.5,3347
2019-08-27,2979.5,3352
2019-08-28,2992.5,3365
2019-08-29,3040.5,3413
2019-08-30,3059.5,3432
2019-09-02,3057.5,3430
2019-09-03,3041.5,3414
2019-09-04,3081.5,3454
2019-09-05,3107.5,3480
2019-09-06,3114.5,3487
2019-09-09,3121.5,3494
2019-09-10,3128.5,3501
2019-09-11,3140.5,3513
2019-09-12,3168.5,3541
2019-09-13,3170.5,3526
2019-09-16,3154.5,3510
2019-09-17,3150.5,3506
2019-09-18,3167.5,3523
2019-09-19,3174.5,3530
2019-09-20,3180.5,3536
2019-09-23,3180.5,3536
2019-09-24,3180.5,3536
2019-09-25,3137.5,3493
2019-09-26,3175.5,3531
2019-09-27,3175.5,3531
2019-09-30,3199.5,3555
2019-10-01,3144.5,3500
2019-10-02,3052.5,3408
2019-10-03,3041.5,3397
2019-10-04,3061.5,3417
2019-10-07,3061.5,3417
2019-10-08,3061.5,3417
2019-10-09,3090,3445.5
2019-10-10,3093.5,3449
2019-10-11,3187.5,3543
2019-10-14,3188.5,3544
2019-10-15,3236.5,3592
2019-10-16,3237.5,3593
2019-10-17,3232.5,3588
2019-10-18,3232.5,3588
2019-10-21,3232.5,3588
2019-10-22,3232.5,3588
2019-10-23,3242.5,3598
2019-10-24,3255.5,3611
2019-10-25,3257.5,3613
2019-10-28,3265.5,3621
2019-10-29,3255.5,3611
2019-10-30,3254.5,3610
2019-10-31,3253.5,3609
2019-11-01,3253.5,3609
2019-11-04,3301.5,3657
2019-11-05,3313,3668.5
2019-11-06,3323.5,3679
2019-11-07,3341.5,3697
2019-11-08,3346.5,3702
2019-11-11,3338.5,3694
2019-11-12,3355.5,3711
2019-11-13,3337.5,3693
2019-11-14,3328.5,3684
2019-11-15,3350.5,3706
2019-11-18,3333,3688.5
2019-11-19,3333,3688.5
2019-11-20,3333,3688.5
2019-11-21,3326.5,3682
2019-11-22,3329.5,3685
2019-11-25,3349.5,3705
2019-11-26,3348.5,3704
2019-11-27,3350.5,3706
2019-11-28,3344.5,3700
2019-11-29,3337.5,3693
2019-12-02,3271.5,3627
2019-12-03,3253.5,3609
2019-12-04,3300.5,3656
2019-12-05,3307.5,3663
2019-12-06,3335.5,3691
2019-12-09,3313.5,3669
2019-12-10,3311.5,3667
2019-12-11,3333.5,3689
2019-12-12,3353.5,3709
2019-12-13,3385.5,3728
2019-12-16,3416.5,3759
2019-12-17,3389.5,3732
2019-12-18,3387.5,3730
2019-12-19,3387.5,3730
2019-12-20,3418.5,3761
2019-12-23,3423.5,3766
2019-12-24,3423.5,3766
2019-12-25,3423.5,3766
2019-12-26,3423.5,3766
2019-12-27,3427.5,3770
2019-12-30,3386.5,3729
2019-12-31,3386.5,3729
2020-01-01,3386.5,3729
2020-01-02,3439.5,3782
2020-01-03,3411.5,3754
2020-01-06,3396.5,3739
2020-01-07,3418.5,3761
2020-01-08,3418.5,3761
2020-01-09,3435.5,3778
2020-01-10,3424.5,3767
2020-01-13,3421.5,3764
2020-01-14,3419.5,3762
2020-01-15,3413.5,3756
2020-01-16,3419.5,3762
2020-01-17,3459.5,3802
2020-01-20,3447.5,3790
2020-01-21,3435.5,3778
2020-01-22,3416.5,3759
2020-01-23,3384.5,3727
2020-01-24,3412.5,3755
2020-01-27,3328.5,3671
2020-01-28,3366.5,3709
2020-01-29,3387.5,3730
2020-01-30,3336.5,3679
2020-01-31,3274.5,3617
2020-02-03,3311.5,3654
2020-02-04,3379.5,3722
2020-02-05,3427.5,3770
2020-02-06,3456.5,3799
2020-02-07,3440.5,3783
2020-02-10,3446.5,3789
2020-02-11,3482.5,3825
2020-02-12,3504.5,3847
2020-02-13,3493.5,3836
2020-02-14,3494.5,3837
2020-02-17,3494.5,3837
2020-02-18,3494.5,3837
2020-02-19,3494.5,3837
2020-02-20,3494.5,3837
2020-02-21,3494.5,3837
2020-02-24,3302.5,3645
2020-02-25,3329.5,3672
2020-02-26,3196.5,3539
2020-02-27,3114.5,3457
2020-02-28,3039.5,3382
2020-03-02,2996.5,3339
2020-03-03,3055.5,3398
2020-03-04,3068.5,3411
2020-03-05,3101.5,3444
2020-03-06,2888.5,3231
2020-03-09,2632.5,2975
2020-03-10,2664.5,3007
2020-03-11,2543.5,2821
2020-03-12,2224.5,2502
2020-03-13,2219.5,2497
2020-03-16,2093.5,2371
2020-03-17,2107.5,2385
2020-03-18,2036.5,2314
2020-03-19,2103.5,2381
2020-03-20,2108.5,2386
2020-03-23,2124.5,2402
2020-03-24,2336,2613.5
2020-03-25,2446.5,2724
2020-03-26,2494.5,2772
2020-03-27,2369.5,2647
2020-03-30,2436.5,2714
2020-03-31,2469.5,2747
2020-04-01,2353.5,2631
2020-04-02,2367.5,2645
2020-04-03,2347.5,2625
2020-04-06,2457,2734.5
2020-04-07,2523,2800.5
2020-04-08,2532.5,2810
2020-04-09,2566,2843.5
2020-04-10,2566,2843.5
2020-04-13,2566,2843.5
2020-04-14,2607.5,2885
2020-04-15,2491.5,2769
2020-04-16,2508.5,2786
2020-04-17,2597.5,2875
2020-04-20,2589.5,2867
2020-04-21,2478.5,2756
2020-04-22,2521,2798.5
2020-04-23,2518.5,2796
2020-04-24,2478.5,2756
2020-04-27,2580.5,2858
2020-04-28,2615.5,2893
2020-04-29,2687.5,2965
2020-04-30,2609.5,2887
2020-05-01,2609.5,2887
2020-05-04,2508.5,2786
2020-05-05,2574.5,2852
2020-05-06,2542.5,2820
2020-05-07,2583.5,2861
2020-05-08,2619.5,2897
2020-05-11,2589.5,2867
2020-05-12,2594.5,2872
2020-05-13,2513.5,2791
2020-05-14,2458.5,2736
2020-05-15,2486.5,2764
2020-05-18,2486.5,2764
2020-05-19,2617.5,2895
2020-05-20,2657.5,2935
2020-05-21,2614.5,2892
2020-05-22,2619.5,2897
2020-05-25,2679.5,2957
2020-05-26,2716.5,2994
2020-05-27,2775.5,3053
2020-05-28,2786.5,3064
2020-05-29,2786.5,3064
2020-06-01,2838.5,3116
2020-06-02,2885.5,3163
2020-06-03,2990.5,3268
2020-06-04,2970.5,3248
2020-06-05,3103.5,3381
2020-06-08,3114.5,3392
2020-06-09,3039.5,3317
2020-06-10,3001.5,3279
2020-06-11,2816.5,3094
2020-06-12,2861.5,3139
2020-06-15,2893.5,3145
2020-06-16,2962.5,3214
2020-06-17,2971.5,3223
2020-06-18,2965.5,3217
2020-06-19,2953.5,3205
2020-06-22,2985.5,3237
2020-06-23,3004.5,3256
2020-06-24,2933.5,3185
2020-06-25,2987.5,3239
2020-06-26,2928.5,3180
2020-06-29,2973.5,3225
2020-06-30,2974.5,3226
2020-07-01,2974.5,3226
2020-07-02,3040.5,3292
2020-07-03,3040.5,3292
2020-07-06,3086.5,3338
2020-07-07,3035.5,3287
2020-07-08,3048.5,3300
2020-07-09,3014.5,3266
2020-07-10,3053.5,3305
2020-07-13,3031.5,3283
2020-07-14,3076.5,3328
2020-07-15,3114.5,3366
2020-07-16,3109.5,3361
2020-07-17,3116.5,3368
2020-07-20,3132.5,3384
2020-07-21,3129.5,3381
2020-07-22,3119.5,3371
2020-07-23,3084.5,3336
2020-07-24,3048.5,3300
2020-07-27,3052.5,3304
2020-07-28,3034.5,3286
2020-07-29,3054.5,3306
2020-07-30,2973.5,3225
2020-07-31,2916.5,3168
2020-08-03,2995.5,3247
2020-08-04,3000.5,3252
2020-08-05,3000.5,3252
2020-08-06,3001.5,3253
2020-08-07,3004.5,3256
2020-08-10,3019.5,3271
2020-08-11,3044.5,3296
2020-08-12,3110.5,3362
2020-08-13,3076.5,3328
2020-08-14,3041.5,3293
2020-08-17,3049.5,3301
2020-08-18,3029.5,3281
2020-08-19,3046.5,3298
2020-08-20,3026.5,3278
2020-08-21,3009.5,3261
2020-08-24,3076.5,3328
2020-08-25,3080.5,3332
2020-08-26,3108.5,3360
2020-08-27,3069.5,3321
2020-08-28,3068.5,3320
2020-08-31,3016.5,3268
2020-09-01,3024.5,3276
2020-09-02,3107.5,3359
2020-09-03,3032.5,3284
2020-09-04,3035.5,3287
2020-09-07,3063.5,3315
2020-09-08,3003.5,3255
2020-09-09,3073.5,3325
2020-09-10,3031.5,3283
2020-09-11,3061.5,3302
2020-09-14,3053.5,3294
2020-09-15,3070.5,3311
2020-09-16,3069.5,3310
2020-09-17,3068.5,3309
2020-09-18,3028.5,3269
2020-09-21,2931.5,3172
2020-09-22,2933.5,3174
2020-09-23,2901.5,3142
2020-09-24,2910.5,3151
2020-09-25,2912.5,3153
2020-09-28,2974.5,3215
2020-09-29,2964.5,3205
2020-09-30,2939.5,3180
2020-10-01,2941.5,3182
2020-10-02,2948.5,3189
2020-10-05,2986.5,3227
2020-10-06,2955.5,3196
2020-10-07,2988.5,3229
2020-10-08,3013.5,3254
2020-10-09,3025.5,3266
2020-10-12,3055.5,3296
2020-10-13,3025.5,3266
2020-10-14,3006.5,3247
2020-10-15,2962.5,3203
2020-10-16,2996.5,3237
2020-10-19,2964.5,3205
2020-10-20,2972.5,3213
2020-10-21,2927.5,3168
2020-10-22,2932.5,3173
2020-10-23,2954.5,3195
2020-10-26,2860.5,3101
2020-10-27,2789.5,3030
2020-10-28,2704.5,2945
2020-10-29,2709.5,2950
2020-10-30,2733.5,2974
2020-11-02,2780.5,3021
2020-11-03,2857.5,3098
2020-11-04,2899.5,3140
2020-11-05,2961.5,3202
2020-11-06,2960.5,3201
2020-11-09,3142.5,3383
2020-11-10,3203.5,3444
2020-11-11,3224.5,3465
2020-11-12,3165.5,3406
2020-11-13,3204.5,3445
2020-11-16,3227.5,3468
2020-11-17,3230.5,3471
2020-11-18,3212.5,3453
2020-11-19,3222.5,3463
2020-11-20,3220.5,3461
2020-11-23,3233.5,3474
2020-11-24,3275.5,3516
2020-11-25,3272.5,3513
2020-11-26,3261.5,3502
2020-11-27,3293.5,3534
2020-11-30,3242.5,3483
2020-12-01,3284.5,3525
2020-12-02,3276.5,3517
2020-12-03,3259.5,3500
2020-12-04,3295.5,3536
2020-12-07,3282.5,3523
2020-12-08,3293.5,3534
2020-12-09,3282.5,3523
2020-12-10,3276.5,3517
2020-12-11,3252.5,3493
2020-12-14,3255.5,3481
2020-12-15,3295.5,3521
2020-12-16,3309.5,3535
2020-12-17,3320.5,3546
2020-12-18,3297.5,3523
2020-12-21,3237.5,3463
2020-12-22,3253.5,3479
2020-12-23,3301.5,3527
2020-12-24,3301.5,3527
2020-12-25,3301.5,3527
2020-12-28,3328.5,3554
2020-12-29,3324.5,3550
2020-12-30,3324.5,3550
2020-12-31,3324.5,3550
2021-01-01,3324.5,3550
2021-01-04,3314.5,3540
2021-01-05,3319.5,3545
2021-01-06,3365.5,3591
2021-01-07,3387.5,3613
2021-01-08,3416.5,3642
2021-01-11,3382.5,3608
2021-01-12,3370.5,3596
2021-01-13,3378.5,3604
2021-01-14,3397.5,3623
2021-01-15,3351.5,3577
2021-01-18,3374.5,3600
2021-01-19,3372.5,3598
2021-01-20,3394.5,3620
2021-01-21,3387.5,3613
2021-01-22,3361.5,3587
2021-01-25,3334.5,3560
2021-01-26,3367.5,3593
2021-01-27,3282.5,3508
2021-01-28,3320.5,3546
2021-01-29,3241.5,3467
2021-02-01,3306.5,3532
2021-02-02,3370.5,3596
2021-02-03,3381.5,3607
2021-02-04,3414.5,3640
2021-02-05,3421.5,3647
2021-02-08,3443.5,3669
2021-02-09,3437.5,3663
2021-02-10,3413.5,3639
2021-02-11,3439.5,3665
2021-02-12,3470.5,3696
2021-02-15,3505.5,3731
2021-02-16,3492.5,3718
2021-02-17,3479.5,3705
2021-02-18,3460.5,3686
2021-02-19,3474.5,3700
2021-02-22,3461.5,3687
2021-02-23,3464.5,3690
2021-02-24,3486.5,3712
2021-02-25,3420.5,3646
2021-02-26,3409.5,3635
2021-03-01,3485.5,3711
2021-03-02,3477.5,3703
2021-03-03,3464.5,3690
2021-03-04,3449.5,3675
2021-03-05,3484.5,3710
2021-03-08,3526.5,3752
2021-03-09,3561.5,3787
2021-03-10,3597.5,3823
2021-03-11,3612.5,3838
2021-03-12,3624.5,3850
2021-03-15,3614.5,3780
2021-03-16,3624.5,3790
2021-03-17,3638.5,3804
2021-03-18,3615.5,3781
2021-03-19,3613.5,3779
2021-03-22,3606.5,3772
2021-03-23,3582.5,3748
2021-03-24,3590.5,3756
2021-03-25,3632.5,3798
2021-03-26,3669.5,3835
2021-03-29,3675.5,3841
2021-03-30,3702.5,3868
2021-03-31,3706.5,3872
2021-04-01,3727.5,3893
2021-04-02,3727.5,3893
2021-04-05,3727.5,3893
2021-04-06,3748.5,3914
2021-04-07,3753.5,3919
2021-04-08,3762.5,3928
2021-04-09,3771.5,3937
2021-04-12,3752.5,3918
2021-04-13,3760.5,3926
2021-04-14,3750.5,3916
2021-04-15,3784.5,3950
2021-04-16,3829.5,3995
2021-04-19,3806.5,3972
2021-04-20,3733.5,3899
2021-04-21,3782.5,3948
2021-04-22,3780.5,3946
2021-04-23,3798.5,3964
2021-04-26,3806.5,3972
2021-04-27,3803.5,3969
2021-04-28,3802.5,3968
2021-04-29,3802.5,3968
2021-04-30,3774.5,3940
2021-05-03,3805.5,3971
2021-05-04,3738.5,3904
2021-05-05,3807.5,3973
2021-05-06,3825.5,3991
2021-05-07,3852.5,4018
2021-05-10,3817.5,3983
2021-05-11,3765.5,3931
2021-05-12,3747.5,3913
2021-05-13,3784.5,3950
2021-05-14,3862.5,4028
2021-05-17,3844.5,4010
2021-05-18,3815.5,3981
2021-05-19,3775.5,3941
2021-05-20,3826.5,3992
2021-05-21,3855.5,4021
2021-05-24,3877.5,4043
2021-05-25,3871.5,4037
2021-05-26,3865.5,4031
2021-05-27,3872.5,4038
2021-05-28,3898.5,4064
2021-05-31,3872.5,4038
2021-06-01,3908.5,4074
2021-06-02,3916.5,4082
2021-06-03,3912.5,4078
2021-06-04,3927.5,4093
2021-06-07,3936.5,4102
2021-06-08,3937.5,4103
2021-06-09,3930.5,4096
2021-06-10,3936.5,4102
2021-06-11,3972.5,4138
2021-06-14,3980.5,4131
2021-06-15,3981.5,4132
2021-06-16,3986.5,4137
2021-06-17,3999.5,4150
2021-06-18,3911.5,4062
2021-06-21,3958.5,4109
2021-06-22,3954.5,4105
2021-06-23,3916.5,4067
2021-06-24,3962,4112.5
2021-06-25,3958.5,4109
2021-06-28,3934.5,4085
2021-06-29,3942.5,4093
2021-06-30,3912,4062.5
2021-07-01,3925,4075.5
2021-07-02,3924,4074.5
2021-07-05,3925,4075.5
2021-07-06,3886,4036.5
2021-07-07,3923,4073.5
2021-07-08,3834.5,3985
2021-07-09,3907.5,4058
2021-07-12,3938.5,4089
2021-07-13,3933,4083.5
2021-07-14,3931.5,4082
2021-07-15,3895.5,4046
2021-07-16,3863,4013.5
2021-07-19,3771,3921.5
2021-07-20,3810.5,3961
2021-07-21,3885,4035.5
2021-07-22,3907,4057.5
2021-07-23,3949,4099.5
2021-07-26,3948.5,4099
2021-07-27,3918,4068.5
2021-07-28,3936.5,4087
2021-07-29,3955.5,4106
2021-07-30,3936,4086.5
2021-08-02,3946.5,4097
2021-08-03,3971.5,4122
2021-08-04,3983,4133.5
2021-08-05,4002.5,4153
2021-08-06,4023.5,4174
2021-08-09,4027,4177.5
2021-08-10,4039.5,4190
2021-08-11,4059,4209.5
2021-08-12,4075,4225.5
2021-08-13,4078,4228.5
2021-08-16,4062.5,4213
2021-08-17,4038,4188.5
2021-08-18,4016,4166.5
2021-08-19,3983,4133.5
2021-08-20,4000.5,4151
2021-08-23,4027,4177.5
2021-08-24,4023,4173.5
2021-08-25,4025,4175.5
2021-08-26,4009.5,4160
2021-08-27,4042.5,4193
2021-08-30,4043.5,4194
2021-08-31,4044,4194.5
2021-09-01,4072.5,4223
2021-09-02,4074.5,4225
2021-09-03,4046.5,4197
2021-09-06,4092.5,4243
2021-09-07,4062.5,4213
2021-09-08,4026.5,4177
2021-09-09,4014,4164.5
2021-09-10,4007,4157.5
2021-09-13,4043.5,4194
2021-09-14,4033,4183.5
2021-09-15,4021.5,4141.5
2021-09-16,4044,4164
2021-09-17,3977,4097
2021-09-20,3887.5,4007.5
2021-09-21,3941.5,4061.5
2021-09-22,4007,4127
2021-09-23,4057.5,4177.5
2021-09-24,4023,4143
2021-09-27,4030,4150
2021-09-28,3927.5,4047.5
2021-09-29,3940,4060
2021-09-30,3901.5,4021.5
2021-10-01,3919.5,4039.5
2021-10-04,3874,3994
2021-10-05,3922.5,4042.5
2021-10-06,3904.5,4024.5
2021-10-07,3955.5,4075.5
2021-10-08,3934,4054
2021-10-11,3916,4036
2021-10-12,3917,4037
2021-10-13,3960,4080
2021-10-14,4023.5,4143.5
2021-10-15,4055,4175
2021-10-18,4022.5,4142.5
2021-10-19,4036,4156
2021-10-20,4039,4159
2021-10-21,4038.5,4158.5
2021-10-22,4067,4187
2021-10-25,4058,4178
2021-10-26,4084,4204
2021-10-27,4079.5,4199.5
2021-10-28,4103,4223
2021-10-29,4133.5,4253.5
2021-11-01,4156,4276
2021-11-02,4168.5,4288.5
2021-11-03,4203,4323
2021-11-04,4208,4328
2021-11-05,4228.5,4348.5
2021-11-08,4222.5,4342.5
2021-11-09,4217,4337
2021-11-10,4201.5,4321.5
2021-11-11,4229,4349
2021-11-12,4244.5,4364.5
2021-11-15,4256.5,4376.5
2021-11-16,4274.5,4394.5
2021-11-17,4276.5,4396.5
2021-11-18,4265,4385
2021-11-19,4225.5,4345.5
2021-11-22,4198,4318
2021-11-23,4177,4297
2021-11-24,4165.5,4285.5
2021-11-25,4167,4287
2021-11-26,3943.5,4063.5
2021-11-29,4003,4123
2021-11-30,3947.5,4067.5
2021-12-01,3957.5,4077.5
2021-12-02,4008,4128
2021-12-03,3957.5,4077.5
2021-12-06,4030,4150
2021-12-07,4160,4280
2021-12-08,4119,4239
2021-12-09,4074.5,4194.5
2021-12-10,4085,4188
2021-12-13,4054.5,4157.5
2021-12-14,4044.5,4147.5
2021-12-15,4093,4196
2021-12-16,4061.5,4164.5
2021-12-17,4027.5,4130.5
2021-12-20,4015,4118
2021-12-21,4073.5,4176.5
2021-12-22,4107,4210
2021-12-23,4145.5,4248.5
2021-12-24,4145.5,4248.5
2021-12-27,4187.5,4290.5
2021-12-28,4194,4297
2021-12-29,4171,4274
2021-12-30,4184.5,4287.5
2021-12-31,4184.5,4287.5
2022-01-03,4230,4333
2022-01-04,4252,4355
2022-01-05,4217,4320
2022-01-06,4204,4307
2022-01-07,4192,4295
2022-01-10,4158.5,4261.5
2022-01-11,4193,4296
2022-01-12,4207,4310
2022-01-13,4163,4266
2022-01-14,4175,4278
2022-01-17,4186,4289
2022-01-18,4140.5,4243.5
2022-01-19,4139,4242
2022-01-20,4136.5,4239.5
2022-01-21,4067.5,4170.5
2022-01-24,4017.5,4120.5
2022-01-25,3978,4081
2022-01-26,4017.5,4120.5
2022-01-27,4043.5,4146.5
2022-01-28,4058.5,4161.5
2022-01-31,4082.5,4185.5
2022-02-01,4124.5,4227.5
2022-02-02,4119,4222
2022-02-03,4019.5,4122.5
2022-02-04,3994,4097
2022-02-07,4004,4107
2022-02-08,4034,4137
2022-02-09,4108,4211
2022-02-10,4047,4150
2022-02-11,3968.5,4071.5
2022-02-14,3945,4048
2022-02-15,4038,4141
2022-02-16,4044,4147
2022-02-17,3977,4080
2022-02-18,3970,4073
2022-02-21,3816.5,3919.5
2022-02-22,3881.5,3984.5
2022-02-23,3835.5,3938.5
2022-02-24,3801.5,3904.5
2022-02-25,3885,3988
2022-02-28,3766,3869
2022-03-01,3636.5,3739.5
2022-03-02,3715.5,3818.5
2022-03-03,3627,3730
2022-03-04,3463,3566
2022-03-07,3357.5,3460.5
2022-03-08,3462.5,3483.5
2022-03-09,3652.5,3673.5
2022-03-10,3570,3591
2022-03-11,3554,3575
2022-03-14,3620,3641
2022-03-15,3648.5,3669.5
2022-03-16,3798,3819
2022-03-17,3772,3793
2022-03-18,3811,3832
2022-03-21,3770,3791
2022-03-22,3827,3848
2022-03-23,3742,3763
2022-03-24,3780,3801
2022-03-25,3786,3807
2022-03-28,3819,3840
2022-03-29,3911,3932
2022-03-30,3846,3867
2022-03-31,3778,3799
2022-04-01,3826,3847
2022-04-04,3858,3879
2022-04-05,3801,3822
2022-04-06,3727,3748
2022-04-07,3739,3760
2022-04-08,3743,3764
2022-04-11,3711,3732
2022-04-12,3700,3721
2022-04-13,3731,3752
2022-04-14,3756,3777
2022-04-15,3756,3777
2022-04-18,3756,3777
2022-04-19,3756,3777
2022-04-20,3794,3815
2022-04-21,3772,3793
2022-04-22,3720,3741
2022-04-25,3710,3731
2022-04-26,3606,3627
2022-04-27,3640,3661
2022-04-28,3725,3746
2022-04-29,3660,3681
2022-05-02,3667,3688
2022-05-03,3689,3710
2022-05-04,3742,3763
2022-05-05,3629,3650
2022-05-06,3572,3593
2022-05-09,3479,3500
2022-05-10,3520,3541
2022-05-11,3527,3548
2022-05-12,3564,3585
2022-05-13,3671,3692
2022-05-16,3658,3679
2022-05-17,3720,3741
2022-05-18,3611,3632
2022-05-19,3607,3628
2022-05-20,3634,3655
2022-05-23,3679,3700
2022-05-24,3648,3669
2022-05-25,3668,3689
2022-05-26,3723,3744
2022-05-27,3788,3809
2022-05-30,3820,3841
2022-05-31,3789,3810
2022-06-01,3743,3764
2022-06-02,3802,3823
2022-06-03,3763,3784
2022-06-06,3808,3829
2022-06-07,3801,3822
2022-06-08,3744,3765
2022-06-09,3670,3691
2022-06-10,3574,3578
2022-06-13,3484,3488
2022-06-14,3456,3460
2022-06-15,3511,3515
2022-06-16,3418,3422
2022-06-17,3419,3423
2022-06-20,3446,3450
2022-06-21,3474,3478
2022-06-22,3450,3454
2022-06-23,3424,3428
2022-06-24,3524,3528
2022-06-27,3531,3535
2022-06-28,3531,3535
2022-06-29,3495,3499
2022-06-30,3437,3441
2022-07-01,3426,3430
2022-07-04,3442,3446
2022-07-05,3341,3345
2022-07-06,3405,3409
2022-07-07,3476,3480
2022-07-08,3493,3497
2022-07-11,3457,3461
2022-07-12,3474,3478
2022-07-13,3442,3446
2022-07-14,3386,3390
2022-07-15,3468,3472
2022-07-18,3496,3500
2022-07-19,3581,3585
2022-07-20,3573,3577
2022-07-21,3576,3580
2022-07-22,3592,3596
2022-07-25,3590,3594
2022-07-26,3567,3571
2022-07-27,3601,3605
2022-07-28,3643,3647
2022-07-29,3698,3702
2022-08-01,3702,3706
2022-08-02,3681,3685
2022-08-03,3725,3729
2022-08-04,3743,3747
2022-08-05,3714,3718
2022-08-08,3751,3755
2022-08-09,3712,3716
2022-08-10,3748,3752
2022-08-11,3749,3753
2022-08-12,3775,3779
2022-08-15,3782,3786
2022-08-16,3800,3804
2022-08-17,3750,3754
2022-08-18,3769,3773
2022-08-19,3720,3724
2022-08-22,3647,3651
2022-08-23,3641,3645
2022-08-24,3664,3668
2022-08-25,3664,3668
2022-08-26,3594,3598
2022-08-29,3563,3567
2022-08-30,3552,3556
2022-08-31,3516,3520
2022-09-01,3445,3449
2022-09-02,3541,3545
2022-09-05,3481,3481
2022-09-06,3487,3487
2022-09-07,3499,3499
2022-09-08,3504,3504
2022-09-09,3563,3563
2022-09-12,3642,3642
2022-09-13,3579,3579
2022-09-14,3560,3560
2022-09-15,3537,3537
2022-09-16,3486,3486
2022-09-19,3501,3501
2022-09-20,3459,3459
2022-09-21,3488,3488
2022-09-22,3425,3425
2022-09-23,3343,3343
2022-09-26,3338,3338
2022-09-27,3327,3327
2022-09-28,3332,3332
2022-09-29,3268,3268
2022-09-30,3315,3315
2022-10-03,3338,3338
2022-10-04,3478,3478
2022-10-05,3441,3441
2022-10-06,3432,3432
2022-10-07,3374,3374
2022-10-10,3356,3356
2022-10-11,3333,3333
2022-10-12,3333,3333
2022-10-13,3362,3362
2022-10-14,3388,3388
2022-10-17,3441,3441
2022-10-18,3468,3468
2022-10-19,3471,3471
2022-10-20,3485,3485
2022-10-21,3470,3470
2022-10-24,3528,3528
2022-10-25,3583,3583
2022-10-26,3605,3605
2022-10-27,3606,3606
2022-10-28,3609,3609
2022-10-31,3618,3618
2022-11-01,3647,3647
2022-11-02,3620,3620
2022-11-03,3593,3593
